Nombre_1,Apellido_1,CUI_1,Email_1,Genero_1,InstitucionBancaria_1,AbreviacionInstitucion_1,TipoCuenta_1,MontoTransferencia,FechaTransferencia,tipotrx
Boote,Pina,208181717,bpina24@npr.org,Male,Banco Industrial,BI,Monetaria en Q,3248,2020-05-07 03:49:46,debito
Boote,Pina,208181717,bpina24@npr.org,Male,Banco Industrial,BI,Monetaria en Q,9708,2020-01-05 06:23:00,debito
Giordano,Rimington,270162925,grimingtonb@tmall.com,Female,Banco de desarrollo rural,BANRURAL,Ahorro,9281,2020-12-25 06:47:45,debito
Giordano,Rimington,270162925,grimingtonb@tmall.com,Female,Banco de desarrollo rural,BANRURAL,Ahorro,9825,2021-04-11 12:09:02,debito
Giordano,Rimington,270162925,grimingtonb@tmall.com,Female,Banco G&T,G&T,Monetaria en $,1043,2020-01-06 12:52:42,debito
Giordano,Rimington,270162925,grimingtonb@tmall.com,Female,Banco G&T,G&T,Monetaria en $,4225,2021-02-06 18:35:19,debito
Giordano,Rimington,270162925,grimingtonb@tmall.com,Female,Banco G&T,G&T,Monetaria en $,5223,2021-02-26 16:07:46,debito
Giordano,Rimington,270162925,grimingtonb@tmall.com,Female,Banco G&T,G&T,Monetaria en $,4420,2020-10-16 20:25:58,debito
Giordano,Rimington,270162925,grimingtonb@tmall.com,Female,Banco Industrial,BI,Ahorro,506,2020-05-17 17:09:15,debito
Giordano,Rimington,270162925,grimingtonb@tmall.com,Female,Banco Industrial,BI,Ahorro,8264,2020-10-05 09:43:22,debito
Giordano,Rimington,270162925,grimingtonb@tmall.com,Female,Banco Industrial,BI,Ahorro,2356,2020-10-19 01:10:43,debito
Colas,Feek,440057779,cfeek2a@cocolog-nifty.com,Male,Banco Agromercantil,BAM,Monetaria en $,7825,2020-08-09 01:12:56,debito
Colas,Feek,440057779,cfeek2a@cocolog-nifty.com,Male,Banco Agromercantil,BAM,Monetaria en $,4091,2020-02-23 04:15:12,debito
Colas,Feek,440057779,cfeek2a@cocolog-nifty.com,Male,Banco G&T,G&T,Monetaria en $,6342,2020-02-16 20:54:17,debito
Colas,Feek,440057779,cfeek2a@cocolog-nifty.com,Male,Banco G&T,G&T,Monetaria en $,8184,2021-03-03 20:48:56,debito
Colas,Feek,440057779,cfeek2a@cocolog-nifty.com,Male,Banco Industrial,BI,Monetaria en $,8166,2021-03-01 07:17:57,debito
Colas,Feek,440057779,cfeek2a@cocolog-nifty.com,Male,Banco Industrial,BI,Monetaria en $,3974,2020-10-16 22:35:46,debito
Colas,Feek,440057779,cfeek2a@cocolog-nifty.com,Male,Banco Industrial,BI,Monetaria en $,5794,2021-02-02 05:57:45,debito
Kit,Tottman,445543914,ktottmany@domainmarket.com,Male,Banco G&T,G&T,Monetaria en $,8341,2020-04-30 01:21:16,debito
Joellen,Rickell,677914504,jrickell20@artisteer.com,Female,Banco Industrial,BI,Monetaria en Q,9287,2020-12-29 20:04:17,debito
Joellen,Rickell,677914504,jrickell20@artisteer.com,Female,Banco Industrial,BI,Monetaria en Q,6183,2020-06-14 00:34:54,debito
Bobbette,Dutton,930849132,bdutton6@hao123.com,Female,Banco G&T,G&T,Monetaria en $,8722,2020-11-06 23:35:34,debito
Bobbette,Dutton,930849132,bdutton6@hao123.com,Female,Banco Industrial,BI,Ahorro,3872,2020-02-04 23:55:48,debito
Bobbette,Dutton,930849132,bdutton6@hao123.com,Female,Banco Industrial,BI,Ahorro,1716,2020-11-09 10:17:07,debito
Bobbette,Dutton,930849132,bdutton6@hao123.com,Female,Banco Promerica,Promerica,Ahorro,1497,2021-02-10 13:15:28,debito
Bobbette,Dutton,930849132,bdutton6@hao123.com,Female,Banco Promerica,Promerica,Ahorro,796,2020-12-31 12:01:30,debito
Bobbette,Dutton,930849132,bdutton6@hao123.com,Female,Banco Promerica,Promerica,Ahorro,5412,2020-12-14 04:58:42,debito
Abigale,Crann,1187255777,acrann1g@cafepress.com,Male,Banco Agromercantil,BAM,Monetaria en $,6296,2020-04-28 10:56:22,debito
Abigale,Crann,1187255777,acrann1g@cafepress.com,Male,Banco Industrial,BI,Ahorro,7822,2020-03-20 16:10:15,debito
Abigale,Crann,1187255777,acrann1g@cafepress.com,Male,Banco Industrial,BI,Ahorro,7176,2021-01-07 17:31:26,debito
Abigale,Crann,1187255777,acrann1g@cafepress.com,Male,Banco Industrial,BI,Ahorro,9920,2020-12-22 08:46:01,debito
Chrissy,Fells,1432225464,cfells17@eventbrite.com,Female,Banco G&T,G&T,Ahorro,7349,2020-10-22 15:12:29,debito
Chrissy,Fells,1432225464,cfells17@eventbrite.com,Female,Banco Industrial,BI,Monetaria en $,9661,2021-03-26 15:05:28,debito
Javier,Theodore,1485345081,jtheodore1b@nsw.gov.au,Female,Banco G&T,G&T,Monetaria en $,4123,2021-02-07 20:32:58,debito
Javier,Theodore,1485345081,jtheodore1b@nsw.gov.au,Female,Banco G&T,G&T,Monetaria en $,5761,2020-06-29 09:54:27,debito
Javier,Theodore,1485345081,jtheodore1b@nsw.gov.au,Female,Banco G&T,G&T,Monetaria en $,5864,2020-12-12 09:38:11,debito
Javier,Theodore,1485345081,jtheodore1b@nsw.gov.au,Female,Banco Industrial,BI,Monetaria en $,2510,2020-08-06 09:24:12,debito
Javier,Theodore,1485345081,jtheodore1b@nsw.gov.au,Female,Banco Industrial,BI,Monetaria en $,6021,2020-05-25 08:02:31,debito
Javier,Theodore,1485345081,jtheodore1b@nsw.gov.au,Female,Banco Industrial,BI,Monetaria en $,3926,2020-08-18 21:22:08,debito
Javier,Theodore,1485345081,jtheodore1b@nsw.gov.au,Female,Banco Industrial,BI,Monetaria en $,3216,2020-03-13 22:56:00,debito
Javier,Theodore,1485345081,jtheodore1b@nsw.gov.au,Female,Banco Industrial,BI,Monetaria en $,1425,2020-04-07 07:48:27,debito
Caryn,Kirkham,1581008589,ckirkhamf@instagram.com,Female,Banco Agromercantil,BAM,Ahorro,1458,2020-03-12 09:45:11,debito
Caryn,Kirkham,1581008589,ckirkhamf@instagram.com,Female,Banco Agromercantil,BAM,Ahorro,7202,2020-09-01 15:56:40,debito
Caryn,Kirkham,1581008589,ckirkhamf@instagram.com,Female,Banco Promerica,Promerica,Monetaria en $,9741,2020-07-12 12:03:16,debito
Horatia,Brumpton,1653130695,hbrumpton1k@engadget.com,Female,Banco Agromercantil,BAM,Monetaria en $,2881,2021-03-18 08:54:40,debito
Horatia,Brumpton,1653130695,hbrumpton1k@engadget.com,Female,Banco Agromercantil,BAM,Monetaria en $,7170,2021-01-28 20:48:14,debito
Horatia,Brumpton,1653130695,hbrumpton1k@engadget.com,Female,Banco G&T,G&T,Ahorro,6148,2020-06-29 05:40:30,debito
Horatia,Brumpton,1653130695,hbrumpton1k@engadget.com,Female,Banco G&T,G&T,Ahorro,4920,2020-07-15 23:34:56,debito
Horatia,Brumpton,1653130695,hbrumpton1k@engadget.com,Female,Banco G&T,G&T,Ahorro,4946,2020-12-17 11:53:26,debito
Horatia,Brumpton,1653130695,hbrumpton1k@engadget.com,Female,Banco G&T,G&T,Ahorro,2200,2021-03-19 17:12:56,debito
Horatia,Brumpton,1653130695,hbrumpton1k@engadget.com,Female,Banco G&T,G&T,Ahorro,8666,2021-01-20 17:07:12,debito
Horatia,Brumpton,1653130695,hbrumpton1k@engadget.com,Female,Banco G&T,G&T,Monetaria en Q,1883,2021-03-18 16:18:19,debito
Horatia,Brumpton,1653130695,hbrumpton1k@engadget.com,Female,Banco G&T,G&T,Ahorro,8885,2021-01-04 05:54:30,debito
Horatia,Brumpton,1653130695,hbrumpton1k@engadget.com,Female,Banco G&T,G&T,Ahorro,2476,2020-07-09 13:27:57,debito
Horatia,Brumpton,1653130695,hbrumpton1k@engadget.com,Female,Banco G&T,G&T,Ahorro,4740,2020-10-31 17:28:42,debito
Horatia,Brumpton,1653130695,hbrumpton1k@engadget.com,Female,Banco G&T,G&T,Ahorro,3594,2021-03-23 00:50:15,debito
Horatia,Brumpton,1653130695,hbrumpton1k@engadget.com,Female,Banco G&T,G&T,Ahorro,3628,2020-11-07 19:07:35,debito
Horatia,Brumpton,1653130695,hbrumpton1k@engadget.com,Female,Banco G&T,G&T,Monetaria en Q,5346,2020-06-21 03:34:40,debito
Horatia,Brumpton,1653130695,hbrumpton1k@engadget.com,Female,Banco G&T,G&T,Ahorro,737,2021-02-17 01:29:05,debito
Horatia,Brumpton,1653130695,hbrumpton1k@engadget.com,Female,Banco G&T,G&T,Ahorro,2721,2020-03-25 22:57:44,debito
Horatia,Brumpton,1653130695,hbrumpton1k@engadget.com,Female,Banco G&T,G&T,Ahorro,357,2020-11-12 08:01:51,debito
Arleta,Umbert,1805028979,aumbert13@lulu.com,Male,Banco de desarrollo rural,BANRURAL,Ahorro,8361,2020-09-01 08:38:28,debito
Arleta,Umbert,1805028979,aumbert13@lulu.com,Male,Banco de desarrollo rural,BANRURAL,Ahorro,4132,2021-02-05 11:04:35,debito
Arleta,Umbert,1805028979,aumbert13@lulu.com,Male,Banco G&T,G&T,Monetaria en Q,4667,2020-11-10 04:21:22,debito
Arleta,Umbert,1805028979,aumbert13@lulu.com,Male,Banco G&T,G&T,Monetaria en Q,3913,2020-08-16 21:45:37,debito
Arleta,Umbert,1805028979,aumbert13@lulu.com,Male,Banco G&T,G&T,Monetaria en Q,4177,2020-10-01 07:29:35,debito
Arleta,Umbert,1805028979,aumbert13@lulu.com,Male,Banco G&T,G&T,Monetaria en Q,1126,2020-05-31 04:56:42,debito
Arleta,Umbert,1805028979,aumbert13@lulu.com,Male,Banco G&T,G&T,Monetaria en Q,3974,2021-01-10 03:44:24,debito
Arleta,Umbert,1805028979,aumbert13@lulu.com,Male,Banco G&T,G&T,Monetaria en Q,7983,2020-07-13 14:11:57,debito
Arleta,Umbert,1805028979,aumbert13@lulu.com,Male,Banco Industrial,BI,Monetaria en $,8206,2020-05-14 09:31:09,debito
Arleta,Umbert,1805028979,aumbert13@lulu.com,Male,Banco Industrial,BI,Monetaria en $,6840,2020-11-23 03:33:10,debito
Morly,Pundy,1833280679,mpundyw@woothemes.com,Male,Banco Promerica,Promerica,Monetaria en Q,6521,2020-07-13 05:06:55,debito
Hali,Peebles,1909436437,hpeebles12@gizmodo.com,Male,Banco de desarrollo rural,BANRURAL,Ahorro,4310,2020-06-08 15:14:09,debito
Hali,Peebles,1909436437,hpeebles12@gizmodo.com,Male,Banco de desarrollo rural,BANRURAL,Ahorro,5896,2021-02-16 18:50:42,debito
Hali,Peebles,1909436437,hpeebles12@gizmodo.com,Male,Banco de desarrollo rural,BANRURAL,Ahorro,3466,2021-03-28 07:42:20,debito
Hali,Peebles,1909436437,hpeebles12@gizmodo.com,Male,Banco de desarrollo rural,BANRURAL,Ahorro,6129,2021-01-01 10:03:13,debito
Hali,Peebles,1909436437,hpeebles12@gizmodo.com,Male,Banco de desarrollo rural,BANRURAL,Ahorro,5965,2020-04-11 10:09:48,debito
Hali,Peebles,1909436437,hpeebles12@gizmodo.com,Male,Banco de desarrollo rural,BANRURAL,Ahorro,4065,2020-12-29 21:32:22,debito
Hali,Peebles,1909436437,hpeebles12@gizmodo.com,Male,Banco de desarrollo rural,BANRURAL,Ahorro,1574,2020-10-09 19:22:09,debito
Hali,Peebles,1909436437,hpeebles12@gizmodo.com,Male,Banco Industrial,BI,Monetaria en Q,3449,2020-07-14 17:32:07,debito
Hali,Peebles,1909436437,hpeebles12@gizmodo.com,Male,Banco Industrial,BI,Monetaria en Q,858,2020-08-04 09:05:26,debito
Hali,Peebles,1909436437,hpeebles12@gizmodo.com,Male,Banco Promerica,Promerica,Monetaria en $,5209,2020-05-12 07:45:23,debito
Hali,Peebles,1909436437,hpeebles12@gizmodo.com,Male,Banco Promerica,Promerica,Monetaria en $,2520,2020-01-13 17:21:53,debito
Hali,Peebles,1909436437,hpeebles12@gizmodo.com,Male,Banco Promerica,Promerica,Monetaria en $,1997,2020-04-26 00:47:08,debito
Hali,Peebles,1909436437,hpeebles12@gizmodo.com,Male,Banco Promerica,Promerica,Ahorro,9945,2021-03-31 09:53:32,debito
Hali,Peebles,1909436437,hpeebles12@gizmodo.com,Male,Banco Promerica,Promerica,Ahorro,8930,2020-06-18 21:28:17,debito
Stormy,Mathieu,1952883946,smathieu1i@dell.com,Male,Banco G&T,G&T,Monetaria en $,5245,2020-07-29 08:41:49,debito
Stormy,Mathieu,1952883946,smathieu1i@dell.com,Male,Banco G&T,G&T,Monetaria en $,4240,2020-03-04 20:50:09,debito
Stormy,Mathieu,1952883946,smathieu1i@dell.com,Male,Banco G&T,G&T,Monetaria en $,8588,2020-05-05 01:20:37,debito
Nelia,Hathway,1962610551,nhathway2f@joomla.org,Female,Banco G&T,G&T,Monetaria en Q,8373,2021-02-24 16:20:08,debito
Nelia,Hathway,1962610551,nhathway2f@joomla.org,Female,Banco G&T,G&T,Monetaria en Q,3307,2020-08-11 20:39:13,debito
Nelia,Hathway,1962610551,nhathway2f@joomla.org,Female,Banco Industrial,BI,Monetaria en Q,8245,2020-10-11 02:34:37,debito
Nelia,Hathway,1962610551,nhathway2f@joomla.org,Female,Banco Industrial,BI,Monetaria en Q,9166,2020-02-07 09:04:59,debito
Nelia,Hathway,1962610551,nhathway2f@joomla.org,Female,Banco Industrial,BI,Monetaria en Q,6035,2020-01-13 14:19:07,debito
Nelia,Hathway,1962610551,nhathway2f@joomla.org,Female,Banco Industrial,BI,Monetaria en Q,677,2020-07-18 07:15:04,debito
Nelia,Hathway,1962610551,nhathway2f@joomla.org,Female,Banco Industrial,BI,Monetaria en Q,4209,2021-01-19 13:43:25,debito
Nelia,Hathway,1962610551,nhathway2f@joomla.org,Female,Banco Industrial,BI,Monetaria en Q,4341,2020-01-12 11:30:05,debito
Nelia,Hathway,1962610551,nhathway2f@joomla.org,Female,Banco Industrial,BI,Monetaria en $,5064,2020-02-01 00:55:49,debito
Nelia,Hathway,1962610551,nhathway2f@joomla.org,Female,Banco Industrial,BI,Monetaria en Q,7622,2020-07-20 23:48:25,debito
Nelia,Hathway,1962610551,nhathway2f@joomla.org,Female,Banco Promerica,Promerica,Monetaria en $,9280,2020-12-26 04:31:27,debito
Nelia,Hathway,1962610551,nhathway2f@joomla.org,Female,Banco Promerica,Promerica,Monetaria en $,3455,2020-07-04 03:02:56,debito
Nelia,Hathway,1962610551,nhathway2f@joomla.org,Female,Banco Promerica,Promerica,Monetaria en $,6445,2021-01-08 13:14:11,debito
Nelia,Hathway,1962610551,nhathway2f@joomla.org,Female,Banco Promerica,Promerica,Monetaria en $,6835,2020-11-01 21:46:25,debito
Ty,Kittow,1976810418,tkittowm@mapquest.com,Female,Banco de desarrollo rural,BANRURAL,Ahorro,3682,2020-06-07 16:48:20,debito
Ty,Kittow,1976810418,tkittowm@mapquest.com,Female,Banco de desarrollo rural,BANRURAL,Ahorro,6682,2021-03-18 20:43:34,debito
Ty,Kittow,1976810418,tkittowm@mapquest.com,Female,Banco de desarrollo rural,BANRURAL,Ahorro,6600,2021-04-11 08:34:49,debito
Ty,Kittow,1976810418,tkittowm@mapquest.com,Female,Banco de desarrollo rural,BANRURAL,Ahorro,4965,2020-09-07 02:57:29,debito
Ty,Kittow,1976810418,tkittowm@mapquest.com,Female,Banco G&T,G&T,Monetaria en $,9549,2020-12-18 05:54:34,debito
Ty,Kittow,1976810418,tkittowm@mapquest.com,Female,Banco G&T,G&T,Monetaria en $,9129,2020-03-01 00:41:31,debito
Ty,Kittow,1976810418,tkittowm@mapquest.com,Female,Banco G&T,G&T,Monetaria en $,3009,2021-01-24 03:43:08,debito
Devin,Sheere,2286509069,dsheere23@bluehost.com,Female,Banco Agromercantil,BAM,Ahorro,5077,2020-03-08 16:22:37,debito
Devin,Sheere,2286509069,dsheere23@bluehost.com,Female,Banco G&T,G&T,Monetaria en Q,6380,2021-03-30 22:10:37,debito
Devin,Sheere,2286509069,dsheere23@bluehost.com,Female,Banco Industrial,BI,Monetaria en Q,6039,2020-08-24 20:32:36,debito
Devin,Sheere,2286509069,dsheere23@bluehost.com,Female,Banco Industrial,BI,Monetaria en Q,7262,2020-05-14 16:41:13,debito
Devin,Sheere,2286509069,dsheere23@bluehost.com,Female,Banco Industrial,BI,Monetaria en Q,3027,2021-03-07 20:10:53,debito
Devin,Sheere,2286509069,dsheere23@bluehost.com,Female,Banco Industrial,BI,Monetaria en Q,6406,2021-02-19 20:31:00,debito
Ddene,Tant,2293083373,dtant4@symantec.com,Male,Banco de desarrollo rural,BANRURAL,Monetaria en $,566,2020-02-02 22:31:28,debito
Ddene,Tant,2293083373,dtant4@symantec.com,Male,Banco de desarrollo rural,BANRURAL,Monetaria en $,8856,2020-08-22 20:00:30,debito
Ddene,Tant,2293083373,dtant4@symantec.com,Male,Banco Industrial,BI,Ahorro,4743,2020-03-16 11:40:19,debito
Ddene,Tant,2293083373,dtant4@symantec.com,Male,Banco Industrial,BI,Ahorro,516,2020-11-30 15:03:57,debito
Manuel,Gouldstone,2293547442,mgouldstonen@jimdo.com,Female,Banco G&T,G&T,Ahorro,9341,2021-02-22 15:22:12,debito
Manuel,Gouldstone,2293547442,mgouldstonen@jimdo.com,Female,Banco G&T,G&T,Ahorro,6352,2020-06-27 13:43:52,debito
Manuel,Gouldstone,2293547442,mgouldstonen@jimdo.com,Female,Banco G&T,G&T,Ahorro,6122,2020-10-29 02:26:16,debito
Manuel,Gouldstone,2293547442,mgouldstonen@jimdo.com,Female,Banco G&T,G&T,Ahorro,9187,2021-01-31 05:33:48,debito
Manuel,Gouldstone,2293547442,mgouldstonen@jimdo.com,Female,Banco Industrial,BI,Monetaria en $,3209,2020-03-19 08:38:40,debito
Manuel,Gouldstone,2293547442,mgouldstonen@jimdo.com,Female,Banco Industrial,BI,Monetaria en $,9795,2020-06-08 23:28:10,debito
Manuel,Gouldstone,2293547442,mgouldstonen@jimdo.com,Female,Banco Industrial,BI,Monetaria en $,1678,2020-02-06 08:09:46,debito
Jeanie,Badman,2320648240,jbadmanu@toplist.cz,Male,Banco Agromercantil,BAM,Ahorro,223,2021-04-15 21:58:23,debito
Jeanie,Badman,2320648240,jbadmanu@toplist.cz,Male,Banco Agromercantil,BAM,Ahorro,5970,2021-01-17 20:54:38,debito
Jeanie,Badman,2320648240,jbadmanu@toplist.cz,Male,Banco G&T,G&T,Monetaria en Q,7158,2020-12-10 16:52:44,debito
Jeanie,Badman,2320648240,jbadmanu@toplist.cz,Male,Banco G&T,G&T,Monetaria en Q,2453,2020-10-23 00:10:32,debito
Jeanie,Badman,2320648240,jbadmanu@toplist.cz,Male,Banco G&T,G&T,Monetaria en Q,385,2021-01-18 03:20:24,debito
Jeanie,Badman,2320648240,jbadmanu@toplist.cz,Male,Banco G&T,G&T,Monetaria en Q,94,2021-03-05 18:40:15,debito
Jeanie,Badman,2320648240,jbadmanu@toplist.cz,Male,Banco G&T,G&T,Monetaria en Q,8936,2020-08-07 23:15:01,debito
Jeanie,Badman,2320648240,jbadmanu@toplist.cz,Male,Banco G&T,G&T,Monetaria en Q,9618,2020-01-06 16:43:07,debito
Jeanie,Badman,2320648240,jbadmanu@toplist.cz,Male,Banco G&T,G&T,Monetaria en Q,8221,2020-01-28 20:33:22,debito
Jeanie,Badman,2320648240,jbadmanu@toplist.cz,Male,Banco Promerica,Promerica,Monetaria en $,9712,2021-02-18 02:28:14,debito
Jeanie,Badman,2320648240,jbadmanu@toplist.cz,Male,Banco Promerica,Promerica,Monetaria en $,3872,2020-02-09 14:59:26,debito
Alfie,Castellaccio,2344960856,acastellaccio1c@wsj.com,Female,Banco Agromercantil,BAM,Monetaria en Q,9717,2020-08-18 13:09:45,debito
Alfie,Castellaccio,2344960856,acastellaccio1c@wsj.com,Female,Banco Agromercantil,BAM,Monetaria en Q,5561,2020-07-12 00:42:24,debito
Alfie,Castellaccio,2344960856,acastellaccio1c@wsj.com,Female,Banco Agromercantil,BAM,Monetaria en Q,8521,2020-01-18 06:57:18,debito
Alfie,Castellaccio,2344960856,acastellaccio1c@wsj.com,Female,Banco Agromercantil,BAM,Monetaria en Q,3597,2020-03-03 01:44:27,debito
Alfie,Castellaccio,2344960856,acastellaccio1c@wsj.com,Female,Banco Agromercantil,BAM,Monetaria en Q,8855,2021-02-20 05:31:37,debito
Alfie,Castellaccio,2344960856,acastellaccio1c@wsj.com,Female,Banco de desarrollo rural,BANRURAL,Monetaria en $,4935,2020-03-04 11:20:09,debito
Alfie,Castellaccio,2344960856,acastellaccio1c@wsj.com,Female,Banco de desarrollo rural,BANRURAL,Monetaria en Q,653,2021-03-05 21:38:22,debito
Alfie,Castellaccio,2344960856,acastellaccio1c@wsj.com,Female,Banco de desarrollo rural,BANRURAL,Monetaria en Q,7237,2020-05-22 10:39:44,debito
Alfie,Castellaccio,2344960856,acastellaccio1c@wsj.com,Female,Banco de desarrollo rural,BANRURAL,Monetaria en $,7846,2020-03-19 02:20:28,debito
Alfie,Castellaccio,2344960856,acastellaccio1c@wsj.com,Female,Banco de desarrollo rural,BANRURAL,Monetaria en $,3414,2020-09-15 12:39:36,debito
Alfie,Castellaccio,2344960856,acastellaccio1c@wsj.com,Female,Banco de desarrollo rural,BANRURAL,Monetaria en Q,9454,2020-10-30 04:55:46,debito
Alfie,Castellaccio,2344960856,acastellaccio1c@wsj.com,Female,Banco de desarrollo rural,BANRURAL,Ahorro,554,2021-03-08 21:54:12,debito
Alfie,Castellaccio,2344960856,acastellaccio1c@wsj.com,Female,Banco G&T,G&T,Monetaria en $,3874,2021-01-14 07:27:27,debito
Alfie,Castellaccio,2344960856,acastellaccio1c@wsj.com,Female,Banco G&T,G&T,Monetaria en $,3745,2020-10-17 05:01:12,debito
Alfie,Castellaccio,2344960856,acastellaccio1c@wsj.com,Female,Banco G&T,G&T,Monetaria en $,5131,2021-03-12 02:11:55,debito
Alfie,Castellaccio,2344960856,acastellaccio1c@wsj.com,Female,Banco G&T,G&T,Monetaria en $,8776,2020-02-08 18:37:51,debito
Vonny,Westall,2354138652,vwestall2q@nps.gov,Female,Banco G&T,G&T,Monetaria en Q,2590,2020-06-10 23:59:46,debito
Vonny,Westall,2354138652,vwestall2q@nps.gov,Female,Banco G&T,G&T,Monetaria en Q,2266,2021-02-03 15:22:57,debito
Vonny,Westall,2354138652,vwestall2q@nps.gov,Female,Banco G&T,G&T,Ahorro,7207,2020-10-08 04:46:59,debito
Vonny,Westall,2354138652,vwestall2q@nps.gov,Female,Banco G&T,G&T,Monetaria en Q,9248,2020-12-06 07:59:42,debito
Vonny,Westall,2354138652,vwestall2q@nps.gov,Female,Banco G&T,G&T,Ahorro,7205,2020-06-18 10:10:05,debito
Vonny,Westall,2354138652,vwestall2q@nps.gov,Female,Banco G&T,G&T,Ahorro,9375,2020-10-14 21:08:55,debito
Daffy,Marages,2720935689,dmarages8@360.cn,Male,Banco G&T,G&T,Monetaria en Q,9387,2020-10-07 05:47:21,debito
Daffy,Marages,2720935689,dmarages8@360.cn,Male,Banco G&T,G&T,Monetaria en Q,5017,2020-09-16 23:38:39,debito
Daffy,Marages,2720935689,dmarages8@360.cn,Male,Banco Promerica,Promerica,Monetaria en Q,151,2020-05-05 11:21:52,debito
Daffy,Marages,2720935689,dmarages8@360.cn,Male,Banco Promerica,Promerica,Monetaria en Q,739,2021-04-02 15:11:57,debito
Daffy,Marages,2720935689,dmarages8@360.cn,Male,Banco Promerica,Promerica,Monetaria en Q,2652,2021-03-14 23:26:41,debito
Leonelle,Copp,2843482992,lcopp1m@yandex.ru,Male,Banco Agromercantil,BAM,Monetaria en $,5715,2020-06-30 02:23:33,debito
Leonelle,Copp,2843482992,lcopp1m@yandex.ru,Male,Banco Agromercantil,BAM,Monetaria en $,8745,2020-04-09 10:18:53,debito
Riva,Gaven,2897073799,rgaven9@live.com,Female,Banco Agromercantil,BAM,Monetaria en Q,7459,2020-01-07 07:13:53,debito
Riva,Gaven,2897073799,rgaven9@live.com,Female,Banco Agromercantil,BAM,Monetaria en Q,143,2021-01-19 15:49:50,debito
Riva,Gaven,2897073799,rgaven9@live.com,Female,Banco Agromercantil,BAM,Monetaria en Q,1901,2021-03-08 08:05:16,debito
Riva,Gaven,2897073799,rgaven9@live.com,Female,Banco Promerica,Promerica,Monetaria en Q,501,2020-06-12 21:47:57,debito
Riva,Gaven,2897073799,rgaven9@live.com,Female,Banco Promerica,Promerica,Monetaria en $,4737,2020-09-01 17:10:49,debito
Riva,Gaven,2897073799,rgaven9@live.com,Female,Banco Promerica,Promerica,Monetaria en $,9936,2020-01-29 15:59:54,debito
Riva,Gaven,2897073799,rgaven9@live.com,Female,Banco Promerica,Promerica,Monetaria en Q,2883,2020-03-22 19:58:54,debito
Riva,Gaven,2897073799,rgaven9@live.com,Female,Banco Promerica,Promerica,Monetaria en $,9607,2020-12-10 18:52:05,debito
Riva,Gaven,2897073799,rgaven9@live.com,Female,Banco Promerica,Promerica,Monetaria en $,4548,2020-04-10 10:30:06,debito
Hieronymus,Penn,3070506224,hpenn2m@aboutads.info,Male,Banco de desarrollo rural,BANRURAL,Monetaria en $,1076,2020-02-05 05:34:42,debito
Hieronymus,Penn,3070506224,hpenn2m@aboutads.info,Male,Banco de desarrollo rural,BANRURAL,Monetaria en $,156,2021-04-14 06:36:06,debito
Hieronymus,Penn,3070506224,hpenn2m@aboutads.info,Male,Banco de desarrollo rural,BANRURAL,Monetaria en $,8404,2020-04-01 05:37:11,debito
Hieronymus,Penn,3070506224,hpenn2m@aboutads.info,Male,Banco de desarrollo rural,BANRURAL,Monetaria en $,3499,2020-06-10 19:28:26,debito
Inga,Cromleholme,3179095431,icromleholmet@artisteer.com,Female,Banco Industrial,BI,Ahorro,3132,2020-11-18 14:49:15,debito
Inga,Cromleholme,3179095431,icromleholmet@artisteer.com,Female,Banco Industrial,BI,Ahorro,9750,2020-06-18 13:50:10,debito
Inga,Cromleholme,3179095431,icromleholmet@artisteer.com,Female,Banco Industrial,BI,Ahorro,7134,2020-02-16 00:51:28,debito
Inga,Cromleholme,3179095431,icromleholmet@artisteer.com,Female,Banco Industrial,BI,Ahorro,6824,2020-12-18 18:15:55,debito
Inga,Cromleholme,3179095431,icromleholmet@artisteer.com,Female,Banco Industrial,BI,Ahorro,951,2021-03-09 11:51:42,debito
Inga,Cromleholme,3179095431,icromleholmet@artisteer.com,Female,Banco Promerica,Promerica,Ahorro,9230,2020-08-28 23:21:41,debito
Inga,Cromleholme,3179095431,icromleholmet@artisteer.com,Female,Banco Promerica,Promerica,Monetaria en $,1997,2020-06-03 11:36:43,debito
Inga,Cromleholme,3179095431,icromleholmet@artisteer.com,Female,Banco Promerica,Promerica,Ahorro,1141,2020-12-04 15:06:49,debito
Inga,Cromleholme,3179095431,icromleholmet@artisteer.com,Female,Banco Promerica,Promerica,Ahorro,6036,2020-08-04 19:08:17,debito
Jeanne,Ciottoi,3199681735,jciottoi18@un.org,Female,Banco de desarrollo rural,BANRURAL,Monetaria en $,6229,2020-11-11 01:28:57,debito
Jeanne,Ciottoi,3199681735,jciottoi18@un.org,Female,Banco de desarrollo rural,BANRURAL,Monetaria en $,7753,2020-10-06 17:50:42,debito
Ulla,Balloch,3278286464,uballoch29@booking.com,Female,Banco G&T,G&T,Monetaria en $,139,2020-01-20 19:55:49,debito
Ulla,Balloch,3278286464,uballoch29@booking.com,Female,Banco Promerica,Promerica,Monetaria en Q,3360,2020-01-30 13:02:47,debito
Collie,Leatherland,3334586502,cleatherland1r@shareasale.com,Male,Banco Industrial,BI,Monetaria en Q,9464,2020-10-16 11:48:10,debito
Collie,Leatherland,3334586502,cleatherland1r@shareasale.com,Male,Banco Industrial,BI,Monetaria en Q,9661,2020-11-05 02:26:23,debito
Collie,Leatherland,3334586502,cleatherland1r@shareasale.com,Male,Banco Industrial,BI,Monetaria en Q,3739,2020-08-12 06:08:19,debito
Collie,Leatherland,3334586502,cleatherland1r@shareasale.com,Male,Banco Industrial,BI,Monetaria en Q,9965,2020-07-22 17:46:10,debito
Collie,Leatherland,3334586502,cleatherland1r@shareasale.com,Male,Banco Industrial,BI,Monetaria en Q,7221,2020-10-19 08:50:21,debito
Collie,Leatherland,3334586502,cleatherland1r@shareasale.com,Male,Banco Promerica,Promerica,Ahorro,5184,2020-06-13 10:31:32,debito
Collie,Leatherland,3334586502,cleatherland1r@shareasale.com,Male,Banco Promerica,Promerica,Ahorro,841,2020-02-14 14:46:10,debito
Collie,Leatherland,3334586502,cleatherland1r@shareasale.com,Male,Banco Promerica,Promerica,Ahorro,388,2021-03-25 00:58:29,debito
Collie,Leatherland,3334586502,cleatherland1r@shareasale.com,Male,Banco Promerica,Promerica,Ahorro,9145,2021-04-13 23:54:19,debito
Vassili,Drowsfield,3345353652,vdrowsfield2k@devhub.com,Male,Banco Agromercantil,BAM,Monetaria en Q,7674,2021-03-11 13:38:48,debito
Vassili,Drowsfield,3345353652,vdrowsfield2k@devhub.com,Male,Banco Agromercantil,BAM,Monetaria en Q,2502,2020-01-03 19:52:54,debito
Vassili,Drowsfield,3345353652,vdrowsfield2k@devhub.com,Male,Banco G&T,G&T,Monetaria en $,3890,2020-08-05 23:25:29,debito
Vassili,Drowsfield,3345353652,vdrowsfield2k@devhub.com,Male,Banco G&T,G&T,Monetaria en $,7797,2020-04-06 10:56:41,debito
Vassili,Drowsfield,3345353652,vdrowsfield2k@devhub.com,Male,Banco G&T,G&T,Monetaria en $,7938,2020-09-06 05:41:37,debito
Vassili,Drowsfield,3345353652,vdrowsfield2k@devhub.com,Male,Banco Promerica,Promerica,Ahorro,8911,2021-01-15 16:53:22,debito
Vassili,Drowsfield,3345353652,vdrowsfield2k@devhub.com,Male,Banco Promerica,Promerica,Ahorro,61,2021-03-14 12:27:17,debito
Vassili,Drowsfield,3345353652,vdrowsfield2k@devhub.com,Male,Banco Promerica,Promerica,Ahorro,4728,2020-04-19 23:43:11,debito
Ardys,Cave,3418211453,acave2e@unblog.fr,Male,Banco Promerica,Promerica,Ahorro,6454,2020-10-01 20:17:30,debito
Ardys,Cave,3418211453,acave2e@unblog.fr,Male,Banco Promerica,Promerica,Ahorro,6311,2021-03-27 20:25:40,debito
Willie,Brahan,3601075148,wbrahane@symantec.com,Female,Banco G&T,G&T,Monetaria en $,377,2020-09-28 08:49:59,debito
Willie,Brahan,3601075148,wbrahane@symantec.com,Female,Banco G&T,G&T,Monetaria en $,5593,2020-09-19 22:35:08,debito
Willie,Brahan,3601075148,wbrahane@symantec.com,Female,Banco G&T,G&T,Monetaria en $,9060,2020-02-12 02:21:54,debito
Willie,Brahan,3601075148,wbrahane@symantec.com,Female,Banco G&T,G&T,Monetaria en $,3369,2020-04-05 21:23:13,debito
Willie,Brahan,3601075148,wbrahane@symantec.com,Female,Banco G&T,G&T,Monetaria en $,2118,2020-01-24 11:52:46,debito
Willie,Brahan,3601075148,wbrahane@symantec.com,Female,Banco Promerica,Promerica,Monetaria en $,4731,2020-08-13 08:36:09,debito
Willie,Brahan,3601075148,wbrahane@symantec.com,Female,Banco Promerica,Promerica,Monetaria en $,2295,2020-10-23 03:59:02,debito
Willie,Brahan,3601075148,wbrahane@symantec.com,Female,Banco Promerica,Promerica,Monetaria en $,2936,2020-06-21 05:40:30,debito
Willie,Brahan,3601075148,wbrahane@symantec.com,Female,Banco Promerica,Promerica,Monetaria en $,4290,2021-01-05 03:22:41,debito
Willie,Brahan,3601075148,wbrahane@symantec.com,Female,Banco Promerica,Promerica,Monetaria en $,7634,2020-08-10 05:31:27,debito
Willie,Brahan,3601075148,wbrahane@symantec.com,Female,Banco Promerica,Promerica,Monetaria en $,362,2021-02-17 04:48:30,debito
Raff,Meah,3693967563,rmeah27@washingtonpost.com,Male,Banco G&T,G&T,Monetaria en $,8793,2021-01-08 14:57:05,debito
Raff,Meah,3693967563,rmeah27@washingtonpost.com,Male,Banco G&T,G&T,Monetaria en $,4256,2021-03-10 01:22:29,debito
Raff,Meah,3693967563,rmeah27@washingtonpost.com,Male,Banco Industrial,BI,Ahorro,6010,2021-02-23 23:55:26,debito
Raff,Meah,3693967563,rmeah27@washingtonpost.com,Male,Banco Industrial,BI,Ahorro,8175,2020-07-19 07:56:05,debito
Raff,Meah,3693967563,rmeah27@washingtonpost.com,Male,Banco Industrial,BI,Ahorro,485,2020-04-26 21:17:51,debito
Reinwald,Raphael,3808552263,rraphaelr@jiathis.com,Male,Banco Industrial,BI,Monetaria en Q,9089,2021-01-29 02:15:57,debito
Reinwald,Raphael,3808552263,rraphaelr@jiathis.com,Male,Banco Industrial,BI,Monetaria en Q,3881,2021-02-17 13:18:06,debito
Reinwald,Raphael,3808552263,rraphaelr@jiathis.com,Male,Banco Industrial,BI,Monetaria en Q,8118,2021-02-28 00:29:55,debito
Reinwald,Raphael,3808552263,rraphaelr@jiathis.com,Male,Banco Industrial,BI,Monetaria en Q,8127,2020-09-15 09:30:55,debito
Tripp,Ingree,3888897025,tingree1e@google.com.hk,Male,Banco Agromercantil,BAM,Ahorro,3849,2021-02-04 14:56:29,debito
Tripp,Ingree,3888897025,tingree1e@google.com.hk,Male,Banco Agromercantil,BAM,Ahorro,5556,2020-07-14 04:16:59,debito
Tripp,Ingree,3888897025,tingree1e@google.com.hk,Male,Banco Agromercantil,BAM,Ahorro,3220,2020-08-14 17:32:42,debito
Tripp,Ingree,3888897025,tingree1e@google.com.hk,Male,Banco Agromercantil,BAM,Ahorro,4761,2020-05-05 12:02:12,debito
Tripp,Ingree,3888897025,tingree1e@google.com.hk,Male,Banco Agromercantil,BAM,Ahorro,4929,2020-05-27 16:06:32,debito
Tripp,Ingree,3888897025,tingree1e@google.com.hk,Male,Banco Agromercantil,BAM,Ahorro,3518,2021-04-15 11:31:15,debito
Maressa,Delgadillo,3899636643,mdelgadillo1t@ihg.com,Female,Banco Industrial,BI,Ahorro,2343,2020-06-18 05:32:44,debito
Maressa,Delgadillo,3899636643,mdelgadillo1t@ihg.com,Female,Banco Industrial,BI,Ahorro,3462,2020-09-20 21:44:08,debito
Maressa,Delgadillo,3899636643,mdelgadillo1t@ihg.com,Female,Banco Industrial,BI,Ahorro,477,2020-12-28 23:50:47,debito
Arron,Dalziel,4113842388,adalziel2g@narod.ru,Female,Banco de desarrollo rural,BANRURAL,Monetaria en $,7594,2021-03-01 09:20:12,debito
Arron,Dalziel,4113842388,adalziel2g@narod.ru,Female,Banco de desarrollo rural,BANRURAL,Monetaria en $,3125,2020-02-16 01:17:05,debito
Arron,Dalziel,4113842388,adalziel2g@narod.ru,Female,Banco G&T,G&T,Monetaria en Q,5927,2020-02-28 14:06:19,debito
Arron,Dalziel,4113842388,adalziel2g@narod.ru,Female,Banco G&T,G&T,Monetaria en Q,1251,2020-05-03 05:45:29,debito
Arron,Dalziel,4113842388,adalziel2g@narod.ru,Female,Banco G&T,G&T,Monetaria en Q,663,2020-12-24 08:13:33,debito
Dale,Goslin,4243293546,dgoslin26@redcross.org,Male,Banco G&T,G&T,Ahorro,7680,2020-10-09 07:41:14,debito
Dale,Goslin,4243293546,dgoslin26@redcross.org,Male,Banco G&T,G&T,Ahorro,336,2020-07-11 08:14:48,debito
Dale,Goslin,4243293546,dgoslin26@redcross.org,Male,Banco G&T,G&T,Ahorro,4424,2020-08-04 04:27:03,debito
Dale,Goslin,4243293546,dgoslin26@redcross.org,Male,Banco G&T,G&T,Ahorro,7542,2020-05-30 09:10:03,debito
Dale,Goslin,4243293546,dgoslin26@redcross.org,Male,Banco Promerica,Promerica,Ahorro,7611,2020-05-19 14:00:36,debito
Dale,Goslin,4243293546,dgoslin26@redcross.org,Male,Banco Promerica,Promerica,Ahorro,6610,2020-04-28 03:37:20,debito
Donielle,Duckham,4348903484,dduckhamg@baidu.com,Female,Banco de desarrollo rural,BANRURAL,Monetaria en Q,7091,2021-02-18 10:47:50,debito
Donielle,Duckham,4348903484,dduckhamg@baidu.com,Female,Banco de desarrollo rural,BANRURAL,Monetaria en Q,5474,2020-02-10 09:53:55,debito
Antonetta,Bowler,4380702766,abowlerv@cmu.edu,Male,Banco Agromercantil,BAM,Monetaria en $,8384,2021-01-08 15:59:43,debito
Antonetta,Bowler,4380702766,abowlerv@cmu.edu,Male,Banco Agromercantil,BAM,Monetaria en $,5169,2020-08-26 15:48:59,debito
Antonetta,Bowler,4380702766,abowlerv@cmu.edu,Male,Banco Agromercantil,BAM,Monetaria en $,4190,2020-10-10 23:49:52,debito
Antonetta,Bowler,4380702766,abowlerv@cmu.edu,Male,Banco Agromercantil,BAM,Monetaria en $,6751,2020-08-15 05:58:07,debito
Antonetta,Bowler,4380702766,abowlerv@cmu.edu,Male,Banco Agromercantil,BAM,Monetaria en $,912,2021-03-02 04:24:26,debito
Antonetta,Bowler,4380702766,abowlerv@cmu.edu,Male,Banco de desarrollo rural,BANRURAL,Ahorro,7882,2020-06-21 01:07:26,debito
Antonetta,Bowler,4380702766,abowlerv@cmu.edu,Male,Banco de desarrollo rural,BANRURAL,Ahorro,5803,2020-01-22 05:00:04,debito
Antonetta,Bowler,4380702766,abowlerv@cmu.edu,Male,Banco de desarrollo rural,BANRURAL,Ahorro,6534,2021-03-04 06:06:09,debito
Sascha,Kennedy,4464029000,skennedyc@cam.ac.uk,Male,Banco G&T,G&T,Monetaria en $,762,2020-09-29 00:21:27,debito
Sascha,Kennedy,4464029000,skennedyc@cam.ac.uk,Male,Banco G&T,G&T,Monetaria en $,1198,2021-03-19 03:50:43,debito
Sascha,Kennedy,4464029000,skennedyc@cam.ac.uk,Male,Banco Promerica,Promerica,Ahorro,4844,2020-11-21 13:23:19,debito
Sascha,Kennedy,4464029000,skennedyc@cam.ac.uk,Male,Banco Promerica,Promerica,Ahorro,9360,2020-07-31 18:37:34,debito
Sascha,Kennedy,4464029000,skennedyc@cam.ac.uk,Male,Banco Promerica,Promerica,Ahorro,6596,2020-03-15 02:49:20,debito
Sascha,Kennedy,4464029000,skennedyc@cam.ac.uk,Male,Banco Promerica,Promerica,Ahorro,6963,2021-02-17 02:14:13,debito
Sascha,Kennedy,4464029000,skennedyc@cam.ac.uk,Male,Banco Promerica,Promerica,Ahorro,2491,2020-05-07 09:20:49,debito
Puff,Huerta,4474118367,phuerta1x@opensource.org,Female,Banco de desarrollo rural,BANRURAL,Monetaria en Q,6088,2021-03-08 03:08:47,debito
Puff,Huerta,4474118367,phuerta1x@opensource.org,Female,Banco G&T,G&T,Monetaria en Q,8277,2020-04-14 19:07:18,debito
Puff,Huerta,4474118367,phuerta1x@opensource.org,Female,Banco G&T,G&T,Monetaria en Q,6597,2021-04-06 23:23:07,debito
Sax,Stephenson,4640351089,sstephensonj@cnn.com,Female,Banco Agromercantil,BAM,Ahorro,4092,2020-10-24 19:31:26,debito
Sax,Stephenson,4640351089,sstephensonj@cnn.com,Female,Banco Agromercantil,BAM,Ahorro,4613,2020-10-11 17:21:17,debito
Sax,Stephenson,4640351089,sstephensonj@cnn.com,Female,Banco Agromercantil,BAM,Ahorro,1141,2020-04-13 05:35:56,debito
Sax,Stephenson,4640351089,sstephensonj@cnn.com,Female,Banco Agromercantil,BAM,Ahorro,4780,2021-03-09 16:28:08,debito
Sax,Stephenson,4640351089,sstephensonj@cnn.com,Female,Banco Agromercantil,BAM,Ahorro,8004,2020-08-11 19:25:05,debito
Sax,Stephenson,4640351089,sstephensonj@cnn.com,Female,Banco Agromercantil,BAM,Ahorro,3391,2020-07-22 06:20:07,debito
Sax,Stephenson,4640351089,sstephensonj@cnn.com,Female,Banco Agromercantil,BAM,Ahorro,8020,2020-05-04 19:19:21,debito
Willy,Geraldo,4650277515,wgeraldo2d@ox.ac.uk,Male,Banco de desarrollo rural,BANRURAL,Monetaria en $,2388,2020-12-22 21:42:13,debito
Willy,Geraldo,4650277515,wgeraldo2d@ox.ac.uk,Male,Banco de desarrollo rural,BANRURAL,Monetaria en $,4392,2020-05-09 15:35:25,debito
Henriette,Stag,5203620156,hstag1l@vimeo.com,Male,Banco de desarrollo rural,BANRURAL,Monetaria en $,9160,2020-11-16 04:06:56,debito
Henriette,Stag,5203620156,hstag1l@vimeo.com,Male,Banco de desarrollo rural,BANRURAL,Monetaria en $,2507,2020-05-22 17:02:41,debito
Zack,Stainton - Skinn,5413394497,zstaintonskinn2c@plala.or.jp,Female,Banco Promerica,Promerica,Monetaria en Q,9993,2021-02-16 23:28:41,debito
Zack,Stainton - Skinn,5413394497,zstaintonskinn2c@plala.or.jp,Female,Banco Promerica,Promerica,Monetaria en Q,143,2021-02-13 17:52:02,debito
Zack,Stainton - Skinn,5413394497,zstaintonskinn2c@plala.or.jp,Female,Banco Promerica,Promerica,Monetaria en Q,8444,2020-12-13 07:30:38,debito
Corliss,McCord,5563911438,cmccordx@howstuffworks.com,Male,Banco Agromercantil,BAM,Monetaria en $,6767,2020-12-14 10:03:25,debito
Corliss,McCord,5563911438,cmccordx@howstuffworks.com,Male,Banco Agromercantil,BAM,Monetaria en $,4224,2020-03-13 12:45:57,debito
Corliss,McCord,5563911438,cmccordx@howstuffworks.com,Male,Banco Agromercantil,BAM,Monetaria en $,1875,2020-01-16 06:16:41,debito
Corliss,McCord,5563911438,cmccordx@howstuffworks.com,Male,Banco Promerica,Promerica,Monetaria en $,2174,2021-02-04 04:40:14,debito
Timmi,Hovie,5618537931,thovied@imgur.com,Female,Banco Agromercantil,BAM,Ahorro,769,2020-03-29 22:07:57,debito
Timmi,Hovie,5618537931,thovied@imgur.com,Female,Banco Agromercantil,BAM,Ahorro,9179,2020-06-19 19:05:58,debito
Timmi,Hovie,5618537931,thovied@imgur.com,Female,Banco G&T,G&T,Ahorro,3581,2020-11-10 18:41:24,debito
Timmi,Hovie,5618537931,thovied@imgur.com,Female,Banco G&T,G&T,Ahorro,3526,2020-09-06 07:37:00,debito
Locke,Kordas,5791637586,lkordas7@aboutads.info,Female,Banco G&T,G&T,Monetaria en Q,4801,2020-07-17 20:50:37,debito
Locke,Kordas,5791637586,lkordas7@aboutads.info,Female,Banco G&T,G&T,Monetaria en Q,8925,2020-06-11 06:21:10,debito
Locke,Kordas,5791637586,lkordas7@aboutads.info,Female,Banco G&T,G&T,Monetaria en Q,7495,2020-01-17 21:39:39,debito
Locke,Kordas,5791637586,lkordas7@aboutads.info,Female,Banco Promerica,Promerica,Monetaria en $,1058,2020-03-01 06:01:22,debito
Locke,Kordas,5791637586,lkordas7@aboutads.info,Female,Banco Promerica,Promerica,Monetaria en $,5142,2020-04-06 16:58:43,debito
Locke,Kordas,5791637586,lkordas7@aboutads.info,Female,Banco Promerica,Promerica,Monetaria en $,6383,2021-04-11 16:54:47,debito
Locke,Kordas,5791637586,lkordas7@aboutads.info,Female,Banco Promerica,Promerica,Monetaria en $,318,2021-02-15 10:35:11,debito
Locke,Kordas,5791637586,lkordas7@aboutads.info,Female,Banco Promerica,Promerica,Monetaria en $,1084,2020-06-04 00:20:03,debito
Locke,Kordas,5791637586,lkordas7@aboutads.info,Female,Banco Promerica,Promerica,Monetaria en $,615,2020-08-21 23:06:10,debito
Paul,Fleming,5878519224,pflemingz@ft.com,Male,Banco Promerica,Promerica,Monetaria en $,6916,2020-12-09 05:33:55,debito
Paul,Fleming,5878519224,pflemingz@ft.com,Male,Banco Promerica,Promerica,Monetaria en $,2365,2020-10-31 20:39:21,debito
Paul,Fleming,5878519224,pflemingz@ft.com,Male,Banco Promerica,Promerica,Monetaria en $,4426,2020-04-19 14:11:08,debito
Gracia,Burchill,5981356200,gburchilll@baidu.com,Female,Banco de desarrollo rural,BANRURAL,Monetaria en $,3119,2020-10-08 13:53:05,debito
Gracia,Burchill,5981356200,gburchilll@baidu.com,Female,Banco de desarrollo rural,BANRURAL,Monetaria en $,800,2021-02-02 12:02:51,debito
Gracia,Burchill,5981356200,gburchilll@baidu.com,Female,Banco Promerica,Promerica,Monetaria en $,2781,2021-03-12 06:13:37,debito
Gracia,Burchill,5981356200,gburchilll@baidu.com,Female,Banco Promerica,Promerica,Monetaria en $,6518,2020-12-09 10:15:04,debito
Elnore,Foy,6154977174,efoy19@smh.com.au,Male,Banco Agromercantil,BAM,Ahorro,4790,2021-03-02 05:59:42,debito
Elnore,Foy,6154977174,efoy19@smh.com.au,Male,Banco Agromercantil,BAM,Ahorro,5058,2020-01-03 00:03:58,debito
Elnore,Foy,6154977174,efoy19@smh.com.au,Male,Banco Agromercantil,BAM,Ahorro,4431,2020-01-16 18:23:25,debito
Janith,Metheringham,6172401947,jmetheringham15@nytimes.com,Male,Banco Agromercantil,BAM,Monetaria en $,9675,2020-07-27 21:50:39,debito
Janith,Metheringham,6172401947,jmetheringham15@nytimes.com,Male,Banco Agromercantil,BAM,Monetaria en $,2606,2020-03-15 16:16:18,debito
Janith,Metheringham,6172401947,jmetheringham15@nytimes.com,Male,Banco Agromercantil,BAM,Monetaria en $,1119,2020-11-28 12:49:37,debito
Janith,Metheringham,6172401947,jmetheringham15@nytimes.com,Male,Banco Industrial,BI,Monetaria en $,153,2020-10-04 14:38:18,debito
Ike,Nickels,6290621491,inickels25@squidoo.com,Male,Banco de desarrollo rural,BANRURAL,Monetaria en Q,9210,2020-12-23 16:13:39,debito
Ike,Nickels,6290621491,inickels25@squidoo.com,Male,Banco de desarrollo rural,BANRURAL,Monetaria en Q,1240,2020-01-29 15:20:17,debito
Ike,Nickels,6290621491,inickels25@squidoo.com,Male,Banco de desarrollo rural,BANRURAL,Monetaria en Q,1160,2021-01-28 12:33:06,debito
Dahlia,Greiser,6310900986,dgreiser1o@icio.us,Female,Banco Industrial,BI,Monetaria en $,1311,2020-02-29 11:47:20,debito
Dahlia,Greiser,6310900986,dgreiser1o@icio.us,Female,Banco Industrial,BI,Monetaria en $,3484,2020-08-16 04:30:40,debito
Cherry,Youtead,6393106875,cyoutead1f@washingtonpost.com,Female,Banco de desarrollo rural,BANRURAL,Monetaria en Q,8817,2021-01-25 15:05:45,debito
Cherry,Youtead,6393106875,cyoutead1f@washingtonpost.com,Female,Banco de desarrollo rural,BANRURAL,Monetaria en Q,2862,2021-03-27 21:57:11,debito
Cherry,Youtead,6393106875,cyoutead1f@washingtonpost.com,Female,Banco G&T,G&T,Monetaria en Q,9423,2020-10-24 10:35:45,debito
Cherry,Youtead,6393106875,cyoutead1f@washingtonpost.com,Female,Banco G&T,G&T,Monetaria en Q,699,2020-11-24 14:51:35,debito
Cherry,Youtead,6393106875,cyoutead1f@washingtonpost.com,Female,Banco G&T,G&T,Monetaria en Q,4183,2021-01-03 20:45:45,debito
Cherry,Youtead,6393106875,cyoutead1f@washingtonpost.com,Female,Banco G&T,G&T,Monetaria en Q,9401,2020-12-31 13:25:38,debito
Cherry,Youtead,6393106875,cyoutead1f@washingtonpost.com,Female,Banco Promerica,Promerica,Ahorro,9718,2020-01-17 17:50:59,debito
Cherry,Youtead,6393106875,cyoutead1f@washingtonpost.com,Female,Banco Promerica,Promerica,Ahorro,1328,2020-06-24 14:57:56,debito
Cherry,Youtead,6393106875,cyoutead1f@washingtonpost.com,Female,Banco Promerica,Promerica,Ahorro,9456,2020-03-22 23:16:44,debito
Cherry,Youtead,6393106875,cyoutead1f@washingtonpost.com,Female,Banco Promerica,Promerica,Ahorro,5410,2020-10-09 23:36:35,debito
Cherry,Youtead,6393106875,cyoutead1f@washingtonpost.com,Female,Banco Promerica,Promerica,Ahorro,507,2020-01-06 22:07:43,debito
Sunny,Alvin,6456388384,salvins@hatena.ne.jp,Male,Banco Agromercantil,BAM,Monetaria en $,7836,2020-06-14 15:07:04,debito
Sunny,Alvin,6456388384,salvins@hatena.ne.jp,Male,Banco Agromercantil,BAM,Monetaria en $,680,2020-07-01 04:14:52,debito
Sunny,Alvin,6456388384,salvins@hatena.ne.jp,Male,Banco Agromercantil,BAM,Monetaria en $,8175,2021-03-11 10:01:24,debito
Sunny,Alvin,6456388384,salvins@hatena.ne.jp,Male,Banco Agromercantil,BAM,Monetaria en $,1094,2020-08-01 20:10:46,debito
Sunny,Alvin,6456388384,salvins@hatena.ne.jp,Male,Banco Promerica,Promerica,Monetaria en $,6787,2020-11-22 19:50:09,debito
Deni,Tarn,6467582497,dtarn1u@cornell.edu,Female,Banco Agromercantil,BAM,Monetaria en Q,8120,2020-02-09 20:34:38,debito
Deni,Tarn,6467582497,dtarn1u@cornell.edu,Female,Banco de desarrollo rural,BANRURAL,Monetaria en $,4426,2020-02-25 09:08:29,debito
Deni,Tarn,6467582497,dtarn1u@cornell.edu,Female,Banco de desarrollo rural,BANRURAL,Monetaria en $,3200,2020-07-06 16:22:06,debito
Deni,Tarn,6467582497,dtarn1u@cornell.edu,Female,Banco de desarrollo rural,BANRURAL,Monetaria en $,1922,2021-03-27 00:51:35,debito
Deni,Tarn,6467582497,dtarn1u@cornell.edu,Female,Banco de desarrollo rural,BANRURAL,Monetaria en $,8570,2020-09-21 17:05:21,debito
Deni,Tarn,6467582497,dtarn1u@cornell.edu,Female,Banco de desarrollo rural,BANRURAL,Monetaria en $,6864,2020-11-13 20:51:25,debito
Deni,Tarn,6467582497,dtarn1u@cornell.edu,Female,Banco G&T,G&T,Monetaria en $,3888,2020-05-03 10:35:12,debito
Deni,Tarn,6467582497,dtarn1u@cornell.edu,Female,Banco G&T,G&T,Monetaria en Q,7344,2020-04-06 01:40:37,debito
Deni,Tarn,6467582497,dtarn1u@cornell.edu,Female,Banco G&T,G&T,Monetaria en Q,8263,2020-07-18 20:52:13,debito
Deni,Tarn,6467582497,dtarn1u@cornell.edu,Female,Banco G&T,G&T,Monetaria en Q,2878,2020-11-23 10:58:44,debito
Deni,Tarn,6467582497,dtarn1u@cornell.edu,Female,Banco G&T,G&T,Monetaria en Q,2517,2020-03-11 12:03:19,debito
Deni,Tarn,6467582497,dtarn1u@cornell.edu,Female,Banco G&T,G&T,Monetaria en Q,7035,2021-02-17 17:52:15,debito
Deni,Tarn,6467582497,dtarn1u@cornell.edu,Female,Banco Promerica,Promerica,Monetaria en $,313,2020-11-02 09:12:58,debito
Deni,Tarn,6467582497,dtarn1u@cornell.edu,Female,Banco Promerica,Promerica,Monetaria en $,6989,2020-08-02 01:56:01,debito
Deni,Tarn,6467582497,dtarn1u@cornell.edu,Female,Banco Promerica,Promerica,Monetaria en $,9087,2020-08-08 08:28:31,debito
Deni,Tarn,6467582497,dtarn1u@cornell.edu,Female,Banco Promerica,Promerica,Monetaria en $,1034,2020-11-09 07:38:00,debito
Deni,Tarn,6467582497,dtarn1u@cornell.edu,Female,Banco Promerica,Promerica,Monetaria en $,3577,2021-01-20 07:03:57,debito
Deni,Tarn,6467582497,dtarn1u@cornell.edu,Female,Banco Promerica,Promerica,Monetaria en $,2585,2020-08-10 17:54:00,debito
Tina,De Beauchemp,6668839878,tdebeauchemp10@senate.gov,Female,Banco Agromercantil,BAM,Ahorro,6603,2021-02-03 00:38:54,debito
Tina,De Beauchemp,6668839878,tdebeauchemp10@senate.gov,Female,Banco Agromercantil,BAM,Ahorro,2808,2020-04-14 00:13:16,debito
Tina,De Beauchemp,6668839878,tdebeauchemp10@senate.gov,Female,Banco Agromercantil,BAM,Ahorro,6887,2020-01-23 20:06:52,debito
Tina,De Beauchemp,6668839878,tdebeauchemp10@senate.gov,Female,Banco Agromercantil,BAM,Ahorro,9361,2020-04-14 14:09:49,debito
Tina,De Beauchemp,6668839878,tdebeauchemp10@senate.gov,Female,Banco Agromercantil,BAM,Ahorro,2900,2020-05-18 14:19:52,debito
Tina,De Beauchemp,6668839878,tdebeauchemp10@senate.gov,Female,Banco de desarrollo rural,BANRURAL,Monetaria en $,6260,2020-06-26 10:42:24,debito
Tina,De Beauchemp,6668839878,tdebeauchemp10@senate.gov,Female,Banco Industrial,BI,Ahorro,8012,2020-03-24 07:25:49,debito
Tina,De Beauchemp,6668839878,tdebeauchemp10@senate.gov,Female,Banco Industrial,BI,Ahorro,2643,2020-10-19 05:40:55,debito
Tina,De Beauchemp,6668839878,tdebeauchemp10@senate.gov,Female,Banco Promerica,Promerica,Monetaria en $,8410,2020-02-01 06:09:20,debito
Tina,De Beauchemp,6668839878,tdebeauchemp10@senate.gov,Female,Banco Promerica,Promerica,Monetaria en $,6618,2020-09-23 13:14:24,debito
Tina,De Beauchemp,6668839878,tdebeauchemp10@senate.gov,Female,Banco Promerica,Promerica,Monetaria en $,9895,2020-03-24 09:43:19,debito
Tina,De Beauchemp,6668839878,tdebeauchemp10@senate.gov,Female,Banco Promerica,Promerica,Monetaria en $,9319,2020-07-17 02:35:02,debito
Tina,De Beauchemp,6668839878,tdebeauchemp10@senate.gov,Female,Banco Promerica,Promerica,Monetaria en $,2559,2020-02-01 05:24:28,debito
Maggee,Shergold,6816494733,mshergold14@hud.gov,Female,Banco Industrial,BI,Monetaria en Q,6782,2020-04-15 15:53:13,debito
Maggee,Shergold,6816494733,mshergold14@hud.gov,Female,Banco Industrial,BI,Monetaria en Q,4033,2020-02-25 13:35:38,debito
Maggee,Shergold,6816494733,mshergold14@hud.gov,Female,Banco Industrial,BI,Monetaria en Q,2190,2020-03-03 00:51:36,debito
Maggee,Shergold,6816494733,mshergold14@hud.gov,Female,Banco Promerica,Promerica,Ahorro,5862,2020-03-05 15:49:46,debito
Morgun,Coots,6920115220,mcoots11@reuters.com,Female,Banco G&T,G&T,Monetaria en $,4893,2020-03-18 07:41:47,debito
Morgun,Coots,6920115220,mcoots11@reuters.com,Female,Banco G&T,G&T,Monetaria en $,9596,2021-03-09 04:18:37,debito
Morgun,Coots,6920115220,mcoots11@reuters.com,Female,Banco Industrial,BI,Monetaria en Q,1706,2021-02-28 09:53:03,debito
Morgun,Coots,6920115220,mcoots11@reuters.com,Female,Banco Industrial,BI,Monetaria en Q,9753,2020-06-16 11:55:19,debito
Morgun,Coots,6920115220,mcoots11@reuters.com,Female,Banco Promerica,Promerica,Monetaria en $,2053,2020-10-11 05:38:24,debito
Morgun,Coots,6920115220,mcoots11@reuters.com,Female,Banco Promerica,Promerica,Monetaria en $,3900,2020-05-19 02:32:49,debito
Morgun,Coots,6920115220,mcoots11@reuters.com,Female,Banco Promerica,Promerica,Monetaria en $,8638,2020-09-16 15:32:12,debito
Morgun,Coots,6920115220,mcoots11@reuters.com,Female,Banco Promerica,Promerica,Monetaria en $,1957,2020-02-12 10:42:47,debito
Kizzie,Pettman,6981272008,kpettman1j@weebly.com,Female,Banco Industrial,BI,Ahorro,6163,2020-08-24 20:38:44,debito
Kizzie,Pettman,6981272008,kpettman1j@weebly.com,Female,Banco Promerica,Promerica,Ahorro,2545,2020-08-16 18:41:05,debito
Kizzie,Pettman,6981272008,kpettman1j@weebly.com,Female,Banco Promerica,Promerica,Ahorro,9963,2021-02-24 18:10:59,debito
Kizzie,Pettman,6981272008,kpettman1j@weebly.com,Female,Banco Promerica,Promerica,Ahorro,4032,2020-08-05 01:57:28,debito
Kizzie,Pettman,6981272008,kpettman1j@weebly.com,Female,Banco Promerica,Promerica,Ahorro,8816,2020-12-09 16:14:18,debito
Kizzie,Pettman,6981272008,kpettman1j@weebly.com,Female,Banco Promerica,Promerica,Ahorro,5460,2020-10-23 13:39:02,debito
Kizzie,Pettman,6981272008,kpettman1j@weebly.com,Female,Banco Promerica,Promerica,Ahorro,1714,2021-01-05 15:54:47,debito
Kizzie,Pettman,6981272008,kpettman1j@weebly.com,Female,Banco Promerica,Promerica,Ahorro,583,2020-07-10 21:09:31,debito
Kizzie,Pettman,6981272008,kpettman1j@weebly.com,Female,Banco Promerica,Promerica,Ahorro,5224,2021-03-05 11:08:14,debito
Kizzie,Pettman,6981272008,kpettman1j@weebly.com,Female,Banco Promerica,Promerica,Ahorro,9947,2020-02-06 16:26:41,debito
Kizzie,Pettman,6981272008,kpettman1j@weebly.com,Female,Banco Promerica,Promerica,Ahorro,1732,2020-04-06 23:46:35,debito
Kizzie,Pettman,6981272008,kpettman1j@weebly.com,Female,Banco Promerica,Promerica,Ahorro,7270,2020-05-28 04:12:18,debito
Kizzie,Pettman,6981272008,kpettman1j@weebly.com,Female,Banco Promerica,Promerica,Ahorro,4817,2021-04-12 06:33:26,debito
Kizzie,Pettman,6981272008,kpettman1j@weebly.com,Female,Banco Promerica,Promerica,Ahorro,8648,2020-08-30 12:12:00,debito
Burgess,Goudy,7154849568,bgoudy1a@reference.com,Male,Banco Promerica,Promerica,Ahorro,4579,2020-05-25 02:22:35,debito
Burgess,Goudy,7154849568,bgoudy1a@reference.com,Male,Banco Promerica,Promerica,Ahorro,5068,2020-12-06 22:54:21,debito
Burgess,Goudy,7154849568,bgoudy1a@reference.com,Male,Banco Promerica,Promerica,Ahorro,4208,2021-02-26 05:45:24,debito
Burgess,Goudy,7154849568,bgoudy1a@reference.com,Male,Banco Promerica,Promerica,Ahorro,2079,2020-07-26 08:36:42,debito
Esme,Seifenmacher,7341877243,eseifenmacher1z@free.fr,Female,Banco Industrial,BI,Monetaria en $,7028,2020-11-21 12:37:03,debito
Esme,Seifenmacher,7341877243,eseifenmacher1z@free.fr,Female,Banco Industrial,BI,Monetaria en $,7160,2021-01-15 07:58:09,debito
Esme,Seifenmacher,7341877243,eseifenmacher1z@free.fr,Female,Banco Industrial,BI,Ahorro,279,2020-09-19 13:16:12,debito
Esme,Seifenmacher,7341877243,eseifenmacher1z@free.fr,Female,Banco Industrial,BI,Ahorro,5375,2020-01-07 22:50:20,debito
Esme,Seifenmacher,7341877243,eseifenmacher1z@free.fr,Female,Banco Promerica,Promerica,Monetaria en Q,3953,2020-03-29 06:39:52,debito
Esme,Seifenmacher,7341877243,eseifenmacher1z@free.fr,Female,Banco Promerica,Promerica,Monetaria en Q,3391,2021-04-12 04:59:08,debito
Esme,Seifenmacher,7341877243,eseifenmacher1z@free.fr,Female,Banco Promerica,Promerica,Monetaria en Q,9273,2020-10-24 15:29:25,debito
Alexander,Amor,7361225500,aamor2n@tinyurl.com,Female,Banco Promerica,Promerica,Ahorro,9703,2020-05-09 19:47:21,debito
Alexander,Amor,7361225500,aamor2n@tinyurl.com,Female,Banco Promerica,Promerica,Ahorro,4550,2021-01-28 18:26:16,debito
Alexander,Amor,7361225500,aamor2n@tinyurl.com,Female,Banco Promerica,Promerica,Ahorro,7075,2020-03-13 14:48:06,debito
Alexander,Amor,7361225500,aamor2n@tinyurl.com,Female,Banco Promerica,Promerica,Ahorro,8540,2020-09-18 15:08:25,debito
Alexander,Amor,7361225500,aamor2n@tinyurl.com,Female,Banco Promerica,Promerica,Ahorro,8030,2020-12-15 17:00:58,debito
Alexander,Amor,7361225500,aamor2n@tinyurl.com,Female,Banco Promerica,Promerica,Ahorro,3158,2021-01-01 20:57:02,debito
Phaidra,Thornthwaite,7422400781,pthornthwaitea@reddit.com,Female,Banco Agromercantil,BAM,Monetaria en Q,2057,2020-02-07 03:20:52,debito
Phaidra,Thornthwaite,7422400781,pthornthwaitea@reddit.com,Female,Banco Agromercantil,BAM,Monetaria en Q,9995,2020-07-11 10:59:27,debito
Phaidra,Thornthwaite,7422400781,pthornthwaitea@reddit.com,Female,Banco de desarrollo rural,BANRURAL,Monetaria en Q,7847,2021-04-03 07:12:14,debito
Phaidra,Thornthwaite,7422400781,pthornthwaitea@reddit.com,Female,Banco de desarrollo rural,BANRURAL,Monetaria en Q,6469,2020-09-18 22:07:41,debito
Phaidra,Thornthwaite,7422400781,pthornthwaitea@reddit.com,Female,Banco de desarrollo rural,BANRURAL,Monetaria en Q,5582,2020-11-28 16:04:37,debito
Phaidra,Thornthwaite,7422400781,pthornthwaitea@reddit.com,Female,Banco de desarrollo rural,BANRURAL,Monetaria en Q,7402,2020-04-24 22:26:16,debito
Phaidra,Thornthwaite,7422400781,pthornthwaitea@reddit.com,Female,Banco de desarrollo rural,BANRURAL,Monetaria en Q,3104,2020-03-17 20:44:48,debito
Phaidra,Thornthwaite,7422400781,pthornthwaitea@reddit.com,Female,Banco de desarrollo rural,BANRURAL,Monetaria en Q,4307,2020-03-25 06:22:47,debito
Leann,Buncher,7589827045,lbuncheri@scribd.com,Female,Banco Industrial,BI,Monetaria en $,8192,2020-02-19 06:47:05,debito
Leann,Buncher,7589827045,lbuncheri@scribd.com,Female,Banco Industrial,BI,Monetaria en $,2896,2020-10-01 20:50:27,debito
Leann,Buncher,7589827045,lbuncheri@scribd.com,Female,Banco Industrial,BI,Monetaria en $,6470,2020-10-29 21:17:40,debito
Leann,Buncher,7589827045,lbuncheri@scribd.com,Female,Banco Industrial,BI,Monetaria en $,1350,2020-11-02 23:19:18,debito
Cully,Matyugin,7652775906,cmatyugin1y@epa.gov,Male,Banco de desarrollo rural,BANRURAL,Monetaria en Q,9426,2020-07-30 18:48:34,debito
Cully,Matyugin,7652775906,cmatyugin1y@epa.gov,Male,Banco Industrial,BI,Monetaria en Q,3301,2020-07-28 12:50:33,debito
Cully,Matyugin,7652775906,cmatyugin1y@epa.gov,Male,Banco Industrial,BI,Monetaria en Q,7188,2021-04-01 17:20:07,debito
Cully,Matyugin,7652775906,cmatyugin1y@epa.gov,Male,Banco Promerica,Promerica,Monetaria en Q,2688,2020-03-29 17:59:17,debito
Cully,Matyugin,7652775906,cmatyugin1y@epa.gov,Male,Banco Promerica,Promerica,Monetaria en Q,8950,2020-06-25 11:41:23,debito
Cully,Matyugin,7652775906,cmatyugin1y@epa.gov,Male,Banco Promerica,Promerica,Monetaria en Q,4079,2020-01-11 15:55:02,debito
Thoma,Kempster,7725887806,tkempster21@simplemachines.org,Male,Banco Industrial,BI,Monetaria en $,5120,2020-01-08 05:22:10,debito
Thoma,Kempster,7725887806,tkempster21@simplemachines.org,Male,Banco Industrial,BI,Monetaria en $,4531,2020-11-28 16:16:15,debito
Thoma,Kempster,7725887806,tkempster21@simplemachines.org,Male,Banco Industrial,BI,Monetaria en $,2750,2020-03-30 15:47:25,debito
Thoma,Kempster,7725887806,tkempster21@simplemachines.org,Male,Banco Industrial,BI,Monetaria en $,7301,2020-05-24 18:58:34,debito
Thoma,Kempster,7725887806,tkempster21@simplemachines.org,Male,Banco Industrial,BI,Monetaria en $,1766,2021-03-19 23:04:52,debito
Thoma,Kempster,7725887806,tkempster21@simplemachines.org,Male,Banco Industrial,BI,Monetaria en $,830,2021-01-06 10:12:49,debito
Thoma,Kempster,7725887806,tkempster21@simplemachines.org,Male,Banco Promerica,Promerica,Monetaria en $,5061,2021-03-10 06:39:54,debito
Koressa,Knowler,7737952055,kknowler1@auda.org.au,Female,Banco de desarrollo rural,BANRURAL,Monetaria en $,6169,2020-12-18 00:05:33,debito
Koressa,Knowler,7737952055,kknowler1@auda.org.au,Female,Banco de desarrollo rural,BANRURAL,Monetaria en $,684,2020-02-26 12:36:41,debito
Koressa,Knowler,7737952055,kknowler1@auda.org.au,Female,Banco de desarrollo rural,BANRURAL,Monetaria en $,2215,2020-01-09 06:40:27,debito
Koressa,Knowler,7737952055,kknowler1@auda.org.au,Female,Banco G&T,G&T,Monetaria en $,1959,2020-07-01 06:08:57,debito
Koressa,Knowler,7737952055,kknowler1@auda.org.au,Female,Banco G&T,G&T,Monetaria en $,1600,2020-01-27 07:04:36,debito
Koressa,Knowler,7737952055,kknowler1@auda.org.au,Female,Banco Industrial,BI,Monetaria en $,7452,2021-01-20 09:01:42,debito
Koressa,Knowler,7737952055,kknowler1@auda.org.au,Female,Banco Industrial,BI,Monetaria en $,7922,2020-04-02 17:27:27,debito
Koressa,Knowler,7737952055,kknowler1@auda.org.au,Female,Banco Industrial,BI,Monetaria en $,9668,2020-08-22 09:45:58,debito
Koressa,Knowler,7737952055,kknowler1@auda.org.au,Female,Banco Promerica,Promerica,Ahorro,6568,2021-02-19 16:18:49,debito
Koressa,Knowler,7737952055,kknowler1@auda.org.au,Female,Banco Promerica,Promerica,Ahorro,292,2020-06-16 20:30:40,debito
Arlin,Bruckner,7819264039,abruckner2h@nasa.gov,Male,Banco de desarrollo rural,BANRURAL,Monetaria en Q,9094,2020-01-10 06:38:40,debito
Arlin,Bruckner,7819264039,abruckner2h@nasa.gov,Male,Banco de desarrollo rural,BANRURAL,Monetaria en Q,1194,2020-04-04 21:15:26,debito
Arlin,Bruckner,7819264039,abruckner2h@nasa.gov,Male,Banco Promerica,Promerica,Monetaria en Q,874,2020-01-07 20:22:56,debito
Arlin,Bruckner,7819264039,abruckner2h@nasa.gov,Male,Banco Promerica,Promerica,Monetaria en Q,5410,2020-03-04 16:19:27,debito
Arlin,Bruckner,7819264039,abruckner2h@nasa.gov,Male,Banco Promerica,Promerica,Ahorro,4126,2020-02-10 10:58:49,debito
Arlin,Bruckner,7819264039,abruckner2h@nasa.gov,Male,Banco Promerica,Promerica,Monetaria en Q,7960,2020-06-13 04:43:44,debito
Arlin,Bruckner,7819264039,abruckner2h@nasa.gov,Male,Banco Promerica,Promerica,Monetaria en Q,9601,2020-10-29 23:07:46,debito
Arlin,Bruckner,7819264039,abruckner2h@nasa.gov,Male,Banco Promerica,Promerica,Ahorro,6287,2020-01-24 00:26:51,debito
Jarid,McEniry,7858016997,jmceniry1d@angelfire.com,Male,Banco de desarrollo rural,BANRURAL,Ahorro,7305,2020-04-02 12:24:00,debito
Konstanze,Blood,7873382966,kblood1w@hhs.gov,Female,Banco Industrial,BI,Ahorro,6355,2021-03-28 18:32:39,debito
Konstanze,Blood,7873382966,kblood1w@hhs.gov,Female,Banco Industrial,BI,Ahorro,1954,2021-01-21 11:31:03,debito
Konstanze,Blood,7873382966,kblood1w@hhs.gov,Female,Banco Industrial,BI,Ahorro,7648,2020-09-22 21:07:41,debito
Konstanze,Blood,7873382966,kblood1w@hhs.gov,Female,Banco Industrial,BI,Ahorro,6619,2020-04-22 05:55:55,debito
Konstanze,Blood,7873382966,kblood1w@hhs.gov,Female,Banco Promerica,Promerica,Monetaria en Q,5302,2020-05-30 00:36:28,debito
Konstanze,Blood,7873382966,kblood1w@hhs.gov,Female,Banco Promerica,Promerica,Monetaria en Q,2525,2020-08-12 15:39:32,debito
Konstanze,Blood,7873382966,kblood1w@hhs.gov,Female,Banco Promerica,Promerica,Monetaria en Q,8267,2020-04-02 10:16:14,debito
Konstanze,Blood,7873382966,kblood1w@hhs.gov,Female,Banco Promerica,Promerica,Monetaria en Q,6621,2020-01-23 01:24:28,debito
Konstanze,Blood,7873382966,kblood1w@hhs.gov,Female,Banco Promerica,Promerica,Monetaria en Q,9488,2021-03-26 08:17:28,debito
Neill,Esser,7964176803,nesserh@amazon.com,Female,Banco Industrial,BI,Monetaria en Q,6746,2020-04-02 09:45:33,debito
Neill,Esser,7964176803,nesserh@amazon.com,Female,Banco Industrial,BI,Monetaria en $,597,2020-03-22 15:17:31,debito
Neill,Esser,7964176803,nesserh@amazon.com,Female,Banco Industrial,BI,Monetaria en Q,2366,2020-02-19 23:57:42,debito
Neill,Esser,7964176803,nesserh@amazon.com,Female,Banco Industrial,BI,Monetaria en $,3999,2021-01-22 08:58:15,debito
Luelle,Barenskie,8068530312,lbarenskie16@about.me,Male,Banco G&T,G&T,Monetaria en Q,2232,2021-03-26 04:24:29,debito
Luelle,Barenskie,8068530312,lbarenskie16@about.me,Male,Banco G&T,G&T,Monetaria en Q,7092,2020-01-12 04:21:27,debito
Renard,Pelchat,8373980261,rpelchat2p@cdc.gov,Female,Banco Promerica,Promerica,Ahorro,170,2020-05-06 21:11:34,debito
Renard,Pelchat,8373980261,rpelchat2p@cdc.gov,Female,Banco Promerica,Promerica,Ahorro,5463,2021-02-09 01:40:34,debito
Renard,Pelchat,8373980261,rpelchat2p@cdc.gov,Female,Banco Promerica,Promerica,Ahorro,6461,2021-02-18 02:09:09,debito
Renard,Pelchat,8373980261,rpelchat2p@cdc.gov,Female,Banco Promerica,Promerica,Ahorro,242,2021-02-25 18:41:16,debito
Margo,Aspinall,8574878405,maspinall2@symantec.com,Male,Banco de desarrollo rural,BANRURAL,Monetaria en $,5819,2020-11-19 23:08:00,debito
Margo,Aspinall,8574878405,maspinall2@symantec.com,Male,Banco de desarrollo rural,BANRURAL,Monetaria en $,3567,2020-01-02 05:56:58,debito
Margo,Aspinall,8574878405,maspinall2@symantec.com,Male,Banco de desarrollo rural,BANRURAL,Monetaria en $,9766,2020-08-10 15:23:05,debito
Margo,Aspinall,8574878405,maspinall2@symantec.com,Male,Banco Industrial,BI,Monetaria en $,6608,2020-10-21 09:52:38,debito
Margo,Aspinall,8574878405,maspinall2@symantec.com,Male,Banco Industrial,BI,Monetaria en $,4733,2020-02-03 03:39:08,debito
Carmita,Hiscoke,8640571546,chiscoke1v@ucsd.edu,Female,Banco Agromercantil,BAM,Monetaria en Q,3961,2020-05-10 19:27:35,debito
Carmita,Hiscoke,8640571546,chiscoke1v@ucsd.edu,Female,Banco Agromercantil,BAM,Monetaria en Q,8493,2020-08-01 10:48:11,debito
Carmita,Hiscoke,8640571546,chiscoke1v@ucsd.edu,Female,Banco Agromercantil,BAM,Monetaria en Q,3171,2020-07-14 09:56:02,debito
Lauralee,Britnell,8712012858,lbritnell28@oaic.gov.au,Female,Banco Industrial,BI,Monetaria en Q,9305,2021-04-08 15:45:39,debito
Lauralee,Britnell,8712012858,lbritnell28@oaic.gov.au,Female,Banco Industrial,BI,Monetaria en Q,5762,2020-12-08 05:28:01,debito
Gearard,Laye,9158606432,glaye2j@oaic.gov.au,Male,Banco de desarrollo rural,BANRURAL,Monetaria en $,2523,2020-08-30 12:56:49,debito
Gearard,Laye,9158606432,glaye2j@oaic.gov.au,Male,Banco de desarrollo rural,BANRURAL,Monetaria en $,6483,2020-02-04 23:52:12,debito
Leonid,Berrey,9488599294,lberrey2b@123-reg.co.uk,Female,Banco Promerica,Promerica,Monetaria en $,4725,2020-11-07 18:30:49,debito
Cherise,Pluvier,9622621546,cpluvier2o@hao123.com,Male,Banco Industrial,BI,Ahorro,5451,2020-08-08 15:41:18,debito
Cherise,Pluvier,9622621546,cpluvier2o@hao123.com,Male,Banco Industrial,BI,Ahorro,5710,2020-12-22 04:34:19,debito
Cherise,Pluvier,9622621546,cpluvier2o@hao123.com,Male,Banco Industrial,BI,Ahorro,8364,2020-07-02 10:52:53,debito
Joelynn,De Gregoli,9835876975,jdegregoli1s@harvard.edu,Female,Banco G&T,G&T,Monetaria en Q,8915,2020-05-05 00:48:29,debito
Joelynn,De Gregoli,9835876975,jdegregoli1s@harvard.edu,Female,Banco Industrial,BI,Monetaria en Q,6522,2020-11-15 18:07:37,debito
Joelynn,De Gregoli,9835876975,jdegregoli1s@harvard.edu,Female,Banco Industrial,BI,Monetaria en Q,7821,2020-02-02 00:33:52,debito
Joelynn,De Gregoli,9835876975,jdegregoli1s@harvard.edu,Female,Banco Industrial,BI,Monetaria en Q,3271,2020-11-23 13:10:29,debito
Joelynn,De Gregoli,9835876975,jdegregoli1s@harvard.edu,Female,Banco Promerica,Promerica,Ahorro,6270,2020-12-25 12:27:49,debito
Joelynn,De Gregoli,9835876975,jdegregoli1s@harvard.edu,Female,Banco Promerica,Promerica,Ahorro,784,2020-04-09 19:40:46,debito
Joelynn,De Gregoli,9835876975,jdegregoli1s@harvard.edu,Female,Banco Promerica,Promerica,Ahorro,5465,2020-01-11 13:07:18,debito
Joelynn,De Gregoli,9835876975,jdegregoli1s@harvard.edu,Female,Banco Promerica,Promerica,Ahorro,8301,2020-10-31 04:35:26,debito
Joelynn,De Gregoli,9835876975,jdegregoli1s@harvard.edu,Female,Banco Promerica,Promerica,Ahorro,1604,2020-09-26 15:57:15,debito
